{"subject":"bill-plans","columns":[{"key":"price","type":"numeric","goal":"min","is_objective":true,"full_name":"Price","format":"number:2"}],"options":[{"key":100,"name":"Basic Telephone Package","values":{"price":228.6249999975}},{"key":101,"name":"Plan Base Residencial","values":{"price":213.1249999975}},{"key":102,"name":"Plan Integrated Voice +Data 100 MB","values":{"price":128.1249999975}},{"key":103,"name":"Plan Base Empresas","values":{"price":86.6249999975}},{"key":104,"name":"Plan Smart S","values":{"price":59.1249999975}},{"key":105,"name":"Plan TV","values":{"price":260.6249999975}},{"key":106,"name":"Special plan","values":{"price":308.43124999787}}]}