{"problem":{"columns":[{"type":"numeric","key":"price","full_name":"Price","format":"number:2","goal":"min","is_objective":true}],"subject":"bill-plans","options":[{"key":"100","name":"Basic Telephone Package","values":{"price":228.6249999975}},{"key":"101","name":"Plan Base Residencial","values":{"price":213.1249999975}},{"key":"102","name":"Plan Integrated Voice +Data 100 MB","values":{"price":128.1249999975}},{"key":"103","name":"Plan Base Empresas","values":{"price":86.6249999975}},{"key":"104","name":"Plan Smart S","values":{"price":59.1249999975}},{"key":"105","name":"Plan TV","values":{"price":260.6249999975}},{"key":"106","name":"Special plan","values":{"price":308.43124999787}}]},"resolution":{"solutions":[{"solution_ref":"100","status":"EXCLUDED","excluded_by":[{"solution_ref":"104","objectives":[{"key":"price","difference":169.5}]}]},{"solution_ref":"101","status":"EXCLUDED","excluded_by":[{"solution_ref":"104","objectives":[{"key":"price","difference":154.0}]}]},{"solution_ref":"102","status":"EXCLUDED","excluded_by":[{"solution_ref":"104","objectives":[{"key":"price","difference":69.0}]}]},{"solution_ref":"103","status":"EXCLUDED","excluded_by":[{"solution_ref":"104","objectives":[{"key":"price","difference":27.5}]}]},{"solution_ref":"104","status":"FRONT"},{"solution_ref":"105","status":"EXCLUDED","excluded_by":[{"solution_ref":"104","objectives":[{"key":"price","difference":201.50000000000003}]}]},{"solution_ref":"106","status":"EXCLUDED","excluded_by":[{"solution_ref":"104","objectives":[{"key":"price","difference":249.30625000037}]}]}]}}