{"problem":{"columns":[{"type":"numeric","key":"price","full_name":"Price","format":"number:2","goal":"min","is_objective":true}],"subject":"bill-plans","options":[{"key":"100","name":"Basic Telephone Package","values":{"price":35.2750000005}},{"key":"101","name":"Plan Base Residencial","values":{"price":40.7750000005}},{"key":"102","name":"Plan Integrated Voice +Data 100 MB","values":{"price":39.7750000005}},{"key":"103","name":"Plan Base Empresas","values":{"price":37.2750000005}},{"key":"104","name":"Plan Smart S","values":{"price":39.7750000005}},{"key":"105","name":"Plan TV","values":{"price":44.7750000005}},{"key":"106","name":"Special plan","values":{"price":62.786250000475}}]},"resolution":{"solutions":[{"solution_ref":"100","status":"FRONT"},{"solution_ref":"101","status":"EXCLUDED","excluded_by":[{"solution_ref":"100","objectives":[{"key":"price","difference":5.5}]}]},{"solution_ref":"102","status":"EXCLUDED","excluded_by":[{"solution_ref":"100","objectives":[{"key":"price","difference":4.5}]}]},{"solution_ref":"103","status":"EXCLUDED","excluded_by":[{"solution_ref":"100","objectives":[{"key":"price","difference":2.0}]}]},{"solution_ref":"104","status":"EXCLUDED","excluded_by":[{"solution_ref":"100","objectives":[{"key":"price","difference":4.5}]}]},{"solution_ref":"105","status":"EXCLUDED","excluded_by":[{"solution_ref":"100","objectives":[{"key":"price","difference":9.5}]}]},{"solution_ref":"106","status":"EXCLUDED","excluded_by":[{"solution_ref":"100","objectives":[{"key":"price","difference":27.511249999975}]}]}]}}