{"subject":"bill-plans","columns":[{"key":"price","type":"numeric","goal":"min","is_objective":true,"full_name":"Price","format":"number:2"}],"options":[{"key":100,"name":"Basic Telephone Package","values":{"price":35.2750000005}},{"key":101,"name":"Plan Base Residencial","values":{"price":40.7750000005}},{"key":102,"name":"Plan Integrated Voice +Data 100 MB","values":{"price":39.7750000005}},{"key":103,"name":"Plan Base Empresas","values":{"price":37.2750000005}},{"key":104,"name":"Plan Smart S","values":{"price":39.7750000005}},{"key":105,"name":"Plan TV","values":{"price":44.7750000005}},{"key":106,"name":"Special plan","values":{"price":62.786250000475}}]}